FEEDRATE,PSNR,DX,DY,MATCH
2340,30.699090733263397,-1,1,0.982971
2340,30.838177106450154,-1,1,0.956468
2340,31.198767963604904,-1,1,0.986028
2340,31.897932652298252,-1,1,0.963674
2340,31.985705503094707,-1,1,0.964145
2340,32.19779983784598,-1,1,0.96683
2640,31.18837499287684,-1,0,0.964754
2640,31.297216232372357,-1,0,0.969281
2640,31.890618057878875,-1,0,0.960407
2640,31.8946834051565,-1,0,0.966649
2640,34.43959477093757,-1,0,0.984466
2640,36.13799538245364,-1,0,0.987052
2700,33.16901897391495,-1,1,0.985217
2700,33.88856207724224,-1,0,0.986223
2700,33.97942652405304,-1,0,0.988889
2700,34.01228805512963,-1,0,0.987417
2700,34.0136899421513,-1,0,0.991752
2700,34.02449884788672,-1,0,0.985907
2700,34.02938660110034,-1,0,0.984049
2700,34.42184980092834,-1,0,0.981701
2700,34.51175066844489,-1,0,0.992671
2700,34.63928346771412,-1,0,0.990646
2700,34.82642700287976,-1,0,0.992049
2700,36.00929892894258,-1,0,0.994253
2760,33.23725897994562,-1,0,0.986223
2760,33.51877723565816,-1,0,0.984045
2760,34.10178329318141,-1,0,0.988312
2760,34.202944039429894,-1,0,0.98696
2760,34.67466633741367,-1,0,0.984372
2760,34.6747712596929,-1,0,0.987878
2820,30.46487540078985,-1,1,0.98522
2820,30.547054105609114,-1,1,0.956708
2820,30.86438172153376,-1,1,0.974678
2820,30.922472004606956,-1,1,0.959884
2820,31.342662365043292,-1,1,0.988875
2820,31.726809829953627,-1,0,0.974072
3000,33.67698647808374,-1,0,0.978926
3000,33.85261172932208,-1,0,0.985426
3000,34.06233195922362,-1,0,0.987182
3000,34.33937356171676,-1,0,0.988523
3000,35.57973562676029,-1,0,0.984629
3000,35.97032783644602,-1,0,0.995357
3060,33.262245632280056,-1,0,0.970682
3060,34.18457279916328,0,0,0.977713
3060,34.47279988202952,0,0,0.974664
3060,34.59420620133013,-1,0,0.979848
3060,35.13790300049778,0,0,0.98225
3060,35.93114935396044,-1,0,0.985626
3180,32.152970135206836,-1,1,0.990066
3180,32.64590954921337,-1,0,0.971992
3180,32.814782781330564,-1,0,0.976144
3180,32.837420450161545,-1,1,0.977532
3180,32.91651291626319,-1,0,0.972391
3180,33.29866368114719,-1,1,0.986497
3180,35.02780418865387,-1,0,0.979428
3420,32.558970707223985,-1,0,0.97388
3420,32.63722871108974,-1,0,0.981287
3420,32.76389219945194,-1,0,0.976481
3420,32.88909504939983,-1,0,0.984266
3420,34.435543983304854,-1,0,0.981205
3420,34.51398356351109,-1,0,0.983662
3480,32.00030183231672,-1,1,0.976928
3480,32.39927110178439,-1,1,0.98399
3480,32.73451181814902,-1,1,0.988654
3480,32.84392699956976,-1,0,0.988033
3480,33.02537417139444,-1,0,0.978859
3480,33.58490787377288,-1,0,0.987946
3540,31.425831367323852,-1,1,0.976241
3540,31.67998254189858,-1,1,0.97698
3540,31.692381661810334,-1,1,0.976797
3540,31.852900625651365,-1,1,0.978058
3540,33.18150088982451,-1,0,0.971586
3540,33.73229783661213,0,0,0.974339
3540,33.764046454058956,-1,0,0.98906
3540,33.88714687278817,-1,0,0.989513
3540,34.700978587110534,0,0,0.97637
3540,35.654067977005084,-1,0,0.981593
3540,36.20862648872265,0,0,0.983072
3540,36.80876990214355,0,0,0.987097
3600,31.269488090254907,-1,0,0.967529
3600,31.40662905895528,-1,0,0.966347
3600,31.947801979785314,-1,0,0.973868
3600,33.37427450092737,-1,0,0.978493
3600,34.1641633625781,-1,0,0.978821
3600,34.16858958044542,-1,0,0.987153
3660,32.98572342879257,-1,0,0.978403
3660,33.47656176566304,-1,0,0.981366
3660,33.5032886262693,-1,0,0.989747
3660,33.757877459017685,-1,0,0.988877
3660,33.97337483547225,-1,0,0.982795
3660,34.28787406534843,-1,0,0.976348
3660,34.43247448893836,-1,0,0.982518
3660,35.06590908811669,-1,0,0.987271
3660,35.199224313678414,-1,0,0.98931
3660,35.515737903764524,-1,0,0.979568
3660,36.4572929820948,-1,0,0.986173
3660,37.184441030273796,-1,0,0.98984
3720,31.604559903581787,-1,0,0.965912
3720,32.88522192982018,0,0,0.969786
3720,33.20833381552549,-1,0,0.9798
3720,35.115700117238845,0,0,0.981903
3720,35.176034734214824,0,0,0.980412
3720,35.64258708277049,-1,0,0.983135
3840,33.872882323485925,-1,0,0.980909
3840,34.55944240200802,-1,0,0.987556
3840,35.41643335914377,-1,0,0.991759
3840,35.67361801561522,-1,0,0.991733
3840,36.01858669621863,-1,0,0.991427
3840,37.110983510085106,-1,0,0.992279
3900,33.321086823368155,-1,0,0.979784
3900,33.724744859788366,-1,0,0.988054
3900,35.22835381075529,0,0,0.984183
3900,35.78605840341517,0,0,0.984697
3900,35.983647457203524,0,0,0.986395
3960,30.357117564502808,-1,1,0.966831
3960,30.91418244264791,-1,1,0.973256
3960,31.380457779949964,-1,1,0.990923
3960,31.67032790194691,-1,1,0.979665
3960,31.858345749576454,-1,1,0.980278
3960,31.995046611036052,-1,0,0.98363
3960,32.18147304846467,-1,0,0.983252
3960,32.33599447241624,-1,0,0.986998
3960,32.46285400546177,-1,1,0.991834
3960,33.85062562570154,-1,0,0.985941
3960,34.70852127927127,-1,0,0.985293
3960,35.370420949532935,-1,0,0.991643
4020,33.2633139222126,-1,0,0.98384
4020,33.319642328631296,-1,0,0.984174
4020,33.50391776177267,-1,1,0.992166
4020,33.853610528680534,-1,0,0.98737
4020,33.922305920898125,-1,0,0.983217
4020,34.803953236817506,-1,0,0.989926
4080,29.429370055526654,-2,1,0.987607
4080,29.668809595515953,-2,1,0.98877
4080,30.6519261462655,-1,1,0.982451
4080,30.81014187963774,-1,1,0.985087
4080,30.955135906466403,-1,1,0.987305
4080,31.13297593489085,-1,1,0.979981
4080,33.01832732000427,-1,0,0.97725
4080,33.526788653666905,-1,1,0.986963
4080,34.336983118806835,0,0,0.977554
4080,35.32695983028577,0,0,0.984912
4080,35.67509605938933,0,0,0.985761
4080,36.53772962345987,0,0,0.989299
4140,32.95768287083619,-1,0,0.982168
4140,33.04371658557999,-1,0,0.980522
4140,33.86669890832274,-1,0,0.983398
4140,34.22873660614112,-1,0,0.982875
4140,34.92279057894924,-1,0,0.983428
4140,36.08427563472366,-1,0,0.989406
4200,20.084773817128166,18,9,0.956886
4200,20.108524511485864,18,10,0.951708
4200,20.122643335274276,17,10,0.95179
4200,20.133201115449744,17,10,0.947871
4200,30.466518972826545,-1,1,0.974285
4200,30.510390014622555,-1,1,0.966849
4200,30.884525719756667,-1,0,0.967768
4200,30.942267461536236,-1,0,0.972918
4200,31.086308867049045,-1,1,0.987565
4200,31.46610683440553,-1,1,0.989607
4200,31.62052808911715,-1,0,0.973364
4200,31.64570141693411,-1,1,0.983134
4200,31.65068412883192,-1,1,0.993837
4200,31.761106491258676,-1,0,0.97977
4200,32.077845422355026,-1,0,0.980802
4200,32.17295922135675,-1,0,0.9735
4200,32.44653453834571,-1,0,0.983883
4200,32.69771547467582,-1,0,0.973424
4200,32.69940915046313,-1,0,0.986831
4200,32.887300887893176,-1,0,0.983084
4200,32.889289364422666,-1,0,0.972448
4200,33.168732647136984,-1,0,0.985557
4200,34.2302223063349,-1,0,0.988909
4200,34.75408206033542,-1,0,0.987252
4260,28.29690545988983,-2,1,0.984174
4260,28.64588794330708,-2,1,0.97015
4260,29.19672647329441,-1,1,0.975336
4260,29.308502430530368,-2,1,0.983182
4260,29.320223205542177,-2,1,0.983906
4260,29.439201124243016,-1,1,0.977535
4260,29.79119032936859,-1,1,0.978027
4260,30.026925173758766,-1,1,0.987141
4260,30.063242969401593,-1,1,0.970236
4260,30.20475837511503,-1,1,0.992688
4260,30.602095503609497,-1,1,0.986498
4260,30.63255765758352,-1,1,0.97765
4260,30.684407000542425,-1,1,0.992082
4260,30.773036517219037,-1,1,0.980986
4260,30.78567889864552,-1,1,0.978375
4260,30.80703205754018,-1,1,0.990255
4260,30.97376341601762,-1,1,0.972313
4260,31.005944974345887,-1,1,0.989868
4260,32.209581482491224,-1,0,0.970612
4260,32.54165239656733,-1,1,0.990205
4260,32.54632305178176,-1,1,0.991894
4260,34.16146401609288,-1,0,0.985666
4260,34.34282307490809,-1,0,0.982812
4260,34.456163068337425,0,0,0.978986
4320,33.12514584005589,-1,0,0.98301
4320,33.853850801906994,-1,0,0.988635
4320,34.188280693076784,-1,0,0.983008
4320,34.44472058922952,0,1,0.978162
4320,34.99679748151717,-1,0,0.987244
4320,35.90476270371428,-1,0,0.994245
4380,31.023830891964824,-1,1,0.991503
4380,31.300738143678437,-1,1,0.993884
4380,31.719665353255564,-1,1,0.99542
4380,31.72492723559035,-1,1,0.994744
4380,32.76298752698887,-1,1,0.986086
4380,32.84713140015841,-1,1,0.989176
4440,29.037312212220193,-2,1,0.969512
4440,29.119844773598555,-1,1,0.960287
4440,29.846582422802786,-1,1,0.980166
4440,30.570780133998273,-1,1,0.986611
4440,30.76314948018551,-1,1,0.978301
4440,30.868286847957236,-1,1,0.984664
4440,31.018268059992188,-1,0,0.973467
4440,31.05223995995711,-1,0,0.971376
4440,31.118955204102168,-1,1,0.975514
4440,31.3410211526856,-1,1,0.994884
4440,31.69378838325543,-1,1,0.986978
4440,31.95758854150106,-1,1,0.984363
4440,32.061620809662124,-1,0,0.978922
4440,32.411480112840664,-1,0,0.986061
4440,32.425241413510555,-1,1,0.98203
4440,32.8683784649361,-1,0,0.980881
4440,32.98836881390117,-1,0,0.984648
4440,33.10621944583862,-1,0,0.986979
4440,33.13025594986793,-1,0,0.990074
4440,33.22095715381066,-1,0,0.990293
4440,33.4852372081471,-1,0,0.993559
4440,34.12780701633034,-1,0,0.99248
4440,34.49709095698056,-1,0,0.991026
4440,34.87323048191223,-1,0,0.991218
4500,20.007959392037602,18,10,0.94436
4500,20.03015339333372,18,10,0.943088
4500,20.042285631896945,18,10,0.951807
4500,20.083113966741323,17,10,0.960758
4500,20.086027746980832,17,10,0.963372
4500,20.089098986640504,18,10,0.945774
4500,20.10512231764863,17,10,0.948377
4500,20.106230819319745,17,10,0.942177
4500,20.112164745489636,17,10,0.941753
4500,20.112616722831866,17,10,0.937261
4500,20.118483972166608,17,10,0.953043
4500,20.123450556560954,17,11,0.9434
4560,20.075214024347172,17,10,0.953575
4560,20.077027954450656,18,10,0.947883
4560,20.07995098958936,18,10,0.961868
4560,20.08514232535881,18,10,0.953174
4560,20.090324345994667,17,10,0.962871
4560,20.11416122304761,17,10,0.940988
4620,20.08060683198781,18,9,0.957371
4620,20.08908282393479,18,9,0.960587
4620,20.09108427542412,18,9,0.951559
4620,20.092449842668447,18,9,0.953511
4620,20.103076742933098,18,9,0.951767
4620,20.11476080393875,18,9,0.962786
4620,20.116118045370218,18,9,0.953134
4620,20.11869652036801,18,9,0.950136
4620,20.130170184924907,17,9,0.953414
4620,20.14212350720777,17,10,0.957286
4620,20.150915735256692,18,9,0.954099
4620,20.161372233261186,17,10,0.959645
4680,20.092310806303757,18,9,0.949087
4680,20.104793204826322,18,9,0.942819
4680,20.10652293681568,18,9,0.948845
4680,20.124305478924835,17,10,0.956742
4680,20.12987102461359,17,10,0.954056
4680,20.130396425512306,18,9,0.942441
4740,19.9589912395456,18,9,0.959279
4740,19.968636356771068,18,9,0.952891
4740,19.972533465979186,18,9,0.954717
4740,19.98577503431958,17,10,0.963941
4740,20.01497401940737,17,10,0.958171
4740,20.020015080997624,17,10,0.964664
4800,20.062157720952673,18,9,0.956678
4800,20.083166416517475,17,10,0.964901
4800,20.101607283084736,18,10,0.946247
4800,20.107518645271085,17,9,0.944826
4800,20.11799252288406,17,10,0.966149
4800,20.118377673368993,17,10,0.963676
4800,20.120845637459887,17,10,0.957877
4800,20.12734810768421,18,10,0.94769
4800,20.127824925506737,17,10,0.953984
4800,20.131700316565414,17,10,0.963055
4800,20.1322420907613,17,10,0.965868
4800,20.13980436130977,17,10,0.954939
4800,20.141035575111772,17,10,0.948247
4800,20.141777935603983,17,10,0.956383
4800,20.142977929080974,17,10,0.96143
4800,20.14392349177584,17,10,0.950014
4800,20.144277461996758,17,10,0.955935
4800,20.15075643264092,17,10,0.952378
4860,20.08037167492646,18,9,0.946436
4860,20.093326548001286,18,9,0.946319
4860,20.10506110602146,18,10,0.939375
4860,20.110653712378813,18,9,0.946024
4860,20.111045649665446,17,10,0.967037
4860,20.1129938706884,17,10,0.966696
4860,20.113231386397832,18,9,0.952398
4860,20.12028675783313,17,10,0.940358
4860,20.12394252367981,17,10,0.9668
4860,20.127337805580936,17,10,0.953918
4860,20.128579306181415,17,10,0.957758
4860,20.1339935117514,18,9,0.93562
4860,20.13624316504416,18,9,0.954086
4860,20.136580327315826,17,10,0.956078
4860,20.143368739002064,17,10,0.965312
4860,20.14548162838731,17,10,0.965606
4860,20.15356356699462,18,9,0.933185
4860,20.162286811498426,17,10,0.954097
4920,31.82632250598548,0,0,0.966102
4920,32.34785724716302,0,0,0.968242
4920,33.649744764252276,-1,0,0.976118
4920,33.75432340898066,0,0,0.974284
4920,34.70467512219208,0,0,0.976315
4920,37.933118200108346,0,0,0.992387
4980,32.90043995296994,0,0,0.96904
4980,33.21415000577215,-1,0,0.976469
4980,33.62274976648625,-1,0,0.97865
4980,33.69769773169273,0,0,0.972315
4980,33.942787588568464,-1,0,0.989003
4980,34.19253062148569,-1,0,0.973817
4980,34.416180396295665,0,0,0.981368
4980,34.826837955946544,-1,0,0.986253
4980,35.129266234199655,-1,0,0.984684
4980,35.175013500386704,-1,0,0.980905
4980,35.40745469740487,0,0,0.981524
4980,35.44625351196142,0,0,0.983299
4980,35.75469973605825,0,0,0.986416
4980,36.231452541839026,-1,0,0.986855
4980,36.25111593779503,0,0,0.984659
4980,38.0540066891227,0,0,0.992679
4980,38.309904044338715,0,0,0.991014
4980,38.328306368416754,0,0,0.990233
5040,24.991087168261497,0,-1,0.776559
5040,31.2916153585947,-1,0,0.968253
5040,32.115036099466636,-1,0,0.972701
5040,32.6094855179878,0,0,0.972077
5040,32.61498630617333,0,0,0.957378
5040,33.62952420156317,-1,0,0.970529
5040,33.65400036223787,0,0,0.974046
5040,33.83253047772866,0,0,0.969062
5040,34.51557013965274,-1,0,0.974722
5040,34.79251021593571,0,0,0.979166
5040,34.79300775054939,-1,0,0.979778
5040,36.6308139944522,0,0,0.985588
5100,28.81284939209508,-2,1,0.962944
5100,30.027429374594963,-1,1,0.969043
5100,30.147286978428106,-1,1,0.974916
5100,30.217514822167697,-1,1,0.973152
5100,31.053899366192177,-1,1,0.988862
5100,31.119737168824138,-1,1,0.986497
5160,32.92744784202762,-1,0,0.976782
5160,33.24635763369587,0,0,0.975711
5160,33.36069774862448,0,0,0.975393
5160,33.73411383549011,0,0,0.975747
5160,34.53529325496764,-1,0,0.98965
5160,35.52512174891017,-1,0,0.99096
5220,33.27042228992086,0,0,0.97253
5220,33.875403326979246,0,0,0.972687
5220,34.36203599301165,0,0,0.980114
5220,34.53518176505572,0,0,0.976042
5220,34.64296472047223,0,0,0.980662
5220,35.459185117985854,0,0,0.983146
5220,35.473388257198316,-1,0,0.988243
5220,36.29113476514027,0,0,0.984881
5220,36.607962855390355,-1,0,0.989262
5220,37.398814434237934,0,0,0.990879
5220,37.78549410890336,0,0,0.991805
5220,38.6798667241733,0,0,0.993006
5280,32.436975498680155,0,0,0.95822
5280,32.557895079351376,0,0,0.971088
5280,32.637930039097604,0,0,0.968919
5280,32.64161041928137,0,0,0.971682
5280,32.790597311473356,0,0,0.973166
5280,32.864969422515216,-1,1,0.978658
5280,33.87733046217237,0,0,0.970391
5280,34.002981318712976,0,0,0.97454
5280,34.851287211012924,0,0,0.983087
5280,35.64900322236015,-1,0,0.985438
5280,35.88756035936616,0,0,0.983641
5280,37.48612153985123,-1,0,0.990848
5340,34.16584572358583,-1,0,0.975784
5340,34.29133373058772,0,0,0.971981
5340,34.5418833581461,0,0,0.973984
5340,34.715066172662794,0,0,0.982087
5340,34.72815710513035,-1,0,0.975728
5340,34.789573154636685,0,0,0.977997
5340,34.91619114497262,0,0,0.97603
5340,34.973865203128476,0,0,0.979353
5340,36.5925514723141,0,0,0.984575
5340,36.96486659184251,0,0,0.98788
5340,37.37402948248244,0,0,0.988563
5340,37.496433203861834,0,0,0.991324
5400,30.955527222306806,-1,1,0.975304
5400,30.99262417791359,-1,1,0.956846
5400,31.111389323587577,-1,1,0.972739
5400,31.220250362917614,-1,1,0.973191
5400,32.411055614843676,-1,1,0.986135
5400,33.56703698283726,-1,1,0.984818
5400,34.066767704945924,-1,0,0.983995
5400,34.15420924660049,0,0,0.970712
5400,34.27099267945521,-1,0,0.984751
5400,34.36027438623077,-1,0,0.983889
5400,34.65789141004279,0,0,0.981162
5400,35.087600961870685,0,0,0.978393
5400,35.391531473976414,-1,0,0.991044
5400,35.5412796588142,-1,0,0.983892
5400,35.77370837870201,-1,0,0.992319
5400,36.065494534028545,-1,0,0.987491
5400,36.670677646296525,0,0,0.987577
5400,37.31768465472723,0,0,0.988466
5460,30.741487567815096,-1,1,0.975104
5460,31.058094330054914,-1,1,0.977467
5460,31.24454879862747,-1,1,0.980843
5460,31.678043957770264,-1,0,0.969178
5460,31.80898111914495,-1,0,0.969858
5460,32.43310089710492,-1,1,0.985482
5460,33.41221484724902,-1,0,0.977355
5460,38.11463546248424,0,0,0.991247
5520,30.65469644015686,-1,1,0.974401
5520,30.834591671761814,-1,1,0.976782
5520,30.916515005659676,-1,0,0.970302
5520,31.008736487383274,-1,1,0.979409
5520,31.911004345741837,-1,1,0.984735
5520,32.93191196233561,-1,0,0.974452
5520,34.00287044858122,-1,0,0.970525
5520,34.11540427323746,-1,0,0.985065
5520,34.184941513126034,-1,0,0.98477
5520,34.18596028920213,-1,0,0.971718
5520,35.70319159731952,-1,0,0.992958
5520,35.737105909644924,-1,0,0.993778
5580,29.4122444538389,-1,0,0.933754
5580,29.595835790810227,0,0,0.941721
5580,31.95759946073366,0,0,0.95338
5580,32.1114696673562,0,0,0.961518
5580,32.17672559303023,-1,0,0.968728
5580,33.11652749641552,0,0,0.964819
5580,34.16959435133548,0,0,0.975331
5580,34.246678177488306,0,0,0.974803
5580,34.638715778440115,0,0,0.978054
5580,34.704682932788835,0,0,0.980965
5580,34.74735360451393,0,0,0.977846
5580,34.84184108303766,0,0,0.978076
5580,35.191057957997145,0,0,0.980269
5580,36.050805330836376,0,0,0.987207
5580,36.21314650512563,0,0,0.987087
5580,36.2763353415125,0,0,0.987094
5580,36.86479898807052,0,0,0.987444
5580,38.138615263632644,0,0,0.991111
5640,32.779935456238526,0,0,0.971865
5640,33.12111643189146,0,0,0.973464
5640,34.33772160896295,0,0,0.979848
5640,34.57668793392933,0,0,0.975956
5640,34.601001575396594,0,0,0.980405
5640,36.87840640359524,0,0,0.985972
5640,37.118403026072954,0,0,0.989532
5640,37.576617304149444,0,0,0.988825
5640,37.777671339694585,0,0,0.989255
5640,38.25117537299358,0,0,0.991382
5640,38.38195402874875,0,0,0.990606
5640,38.62061858800382,0,0,0.991954
5760,32.38520058773291,0,0,0.956963
5760,33.08373017268012,0,0,0.971149
5760,33.253511563574335,-1,0,0.972011
5760,33.27388089392644,0,0,0.970689
5760,33.51723827120416,0,0,0.974119
5760,33.59529006872751,-1,0,0.978795
5760,34.107695318565014,0,0,0.982901
5760,34.27644055368699,-1,0,0.9792
5760,35.106903052612616,0,0,0.976754
5760,36.178186145185826,0,0,0.985612
5760,37.0006839898942,-1,0,0.989671
5760,39.25790874033991,0,0,0.993242
5880,30.695374275771123,-1,0,0.950127
5880,30.91489592481565,-1,0,0.953919
5880,30.966277305632364,-1,1,0.963165
5880,31.13132558334739,-1,0,0.965049
5880,31.170380462133053,-1,1,0.965663
5880,31.616272425847075,-1,0,0.974148
5880,34.3249824229297,0,0,0.980643
5880,34.92512755527463,0,0,0.97877
5880,34.993418931102795,-1,0,0.987736
5880,35.22813770158034,-1,0,0.985634
5880,36.31332499690414,0,0,0.986271
5880,36.554137243765325,0,0,0.985921
5940,33.02546269596296,-1,0,0.972794
5940,33.578787513308185,-1,0,0.984454
5940,33.83927869667844,0,0,0.978539
5940,33.98377243431676,-1,0,0.973527
5940,34.04906986826771,0,0,0.98269
5940,34.691600984290645,0,0,0.975402
5940,34.73264179272209,-1,0,0.982041
5940,35.08013597708141,-1,0,0.981063
5940,35.59494167314628,0,0,0.984775
5940,35.74375627675637,-1,0,0.983403
5940,36.03079550115416,0,0,0.982071
5940,36.19787018998969,-1,0,0.992397
6000,32.9231009520618,0,0,0.976937
6000,33.108750255503395,0,0,0.962491
6000,33.92699230069622,0,0,0.975691
6000,34.429865560568075,-1,0,0.989853
6000,34.56410713827005,0,0,0.981688
6000,34.7916688157711,-1,0,0.981443
6060,30.297123904020037,0,0,0.946985
6060,30.999464510510244,-1,0,0.960669
6060,31.13604987142282,-1,0,0.954912
6060,31.413451246155564,0,0,0.947782
6060,31.90423674760978,-1,0,0.958753
6060,33.333006910375275,0,0,0.980337
6120,27.210613850196808,-1,1,0.873518
6120,27.789340695820957,-1,0,0.874493
6120,27.898851848864027,-1,1,0.880485
6120,28.133236972706882,-1,0,0.902591
6120,28.685278617528965,0,0,0.906882
6120,28.70988352361198,-1,1,0.906941
6120,28.922596525947636,0,0,0.914271
6120,29.235918935255796,-1,1,0.938565
6120,29.306990816588158,0,0,0.918262
6120,30.40272408425796,-1,0,0.934942
6120,30.53511376630011,-1,0,0.945997
6120,31.64664053843898,-1,0,0.956081
6120,31.89003683660342,0,0,0.957856
6120,32.12104494609809,-1,0,0.964386
6120,32.692585899408805,-1,0,0.973735
6120,33.66619310727502,-1,0,0.979221
6120,34.369065221473406,0,0,0.977734
6120,37.98311647254519,-1,0,0.99131
6180,27.06241629879917,-1,1,0.893324
6180,27.232672525129683,-1,1,0.894584
6180,28.19815126146278,-1,0,0.913431
6180,29.334315072983546,-1,1,0.939583
6180,29.862039070290546,-1,1,0.949164
6180,31.91706738997358,0,0,0.966576
6240,30.647983599893855,-1,0,0.956774
6240,30.652220251484934,-1,0,0.95425
6240,30.799348602995693,-1,0,0.958433
6240,31.791579850246002,-1,0,0.977966
6240,32.450842662007325,-1,1,0.986939
6240,32.628036621099334,-1,0,0.973968
6240,32.642206605743446,-1,0,0.969994
6240,32.7455765484322,-1,0,0.969195
6240,32.77851875319937,-1,0,0.983427
6240,32.94244192061032,-1,0,0.973311
6240,32.95195204657827,-1,0,0.976867
6240,33.8451273725051,-1,0,0.990928
6240,34.28619267715143,-1,0,0.981468
6240,35.407178747344474,-1,0,0.988206
6240,36.02754761180614,0,0,0.98283
6240,36.05456034242913,-1,0,0.990353
6240,37.792230300554294,-1,0,0.994166
6240,38.253978995615824,-1,0,0.99216
6300,30.56291401780987,-1,1,0.970824
6300,31.346884418438712,-1,1,0.97668
6300,32.03483484067417,-1,0,0.9759
6300,32.483826920933666,-1,0,0.985159
6300,32.50470591963375,-1,0,0.983614
6300,32.955104465392274,-1,1,0.987665
6300,32.973063854738804,-1,0,0.973764
6300,33.0756071103013,-1,0,0.985451
6300,33.17493041163722,-1,0,0.986258
6300,33.22624537231632,-1,0,0.975973
6300,33.25891827510385,-1,0,0.974646
6300,33.52791244823076,-1,0,0.991402
6300,34.98489436548772,0,0,0.978714
6300,35.076449266677486,-1,0,0.978997
6300,36.485805961128925,0,0,0.984436
6300,36.527417823751264,-1,0,0.984363
6300,36.55844586572639,0,0,0.985774
6300,37.78898592351724,-1,0,0.989084
6480,28.429489803950556,-1,1,0.911353
6480,28.486112474745685,-1,1,0.907036
6480,29.081364271102103,-1,0,0.930059
6480,29.61444093206402,-1,0,0.94424
6480,31.003842654333184,0,0,0.943704
6480,31.319626246945063,0,0,0.946863
6480,31.32100363074155,0,0,0.961516
6480,32.140280253962814,-1,0,0.965374
6480,32.566575661321885,0,0,0.97226
6480,33.750251855048646,-1,0,0.97923
6480,33.97593922958884,-1,0,0.974891
6480,36.28359244813519,0,0,0.989187
6540,33.00587188794304,-1,1,0.987688
6540,33.104563393518326,-1,1,0.987856
6540,33.14732612152999,-1,0,0.982875
6540,33.16955271201857,-1,1,0.987914
6540,33.1896570081024,-1,0,0.980699
6540,33.37279889926245,-1,0,0.979829
6540,33.39274903341228,-1,1,0.989678
6540,33.45196993421504,-1,1,0.983004
6540,33.58095774486002,-1,1,0.984264
6540,33.653433332078414,-1,1,0.985652
6540,34.98142516341532,0,0,0.983622
6540,36.8112897983223,0,0,0.989552
6600,29.055675601051647,-1,1,0.974078
6600,29.18916048479556,-2,1,0.982786
6600,29.210122644053904,-2,1,0.981254
6600,29.638377287169927,-1,1,0.988436
6600,29.686786418002175,-1,1,0.983314
6600,29.706897404833107,-1,1,0.983911
6600,29.75059434822147,-1,1,0.986083
6600,29.870910615574694,-1,1,0.981377
6600,30.168981507724183,-1,1,0.983445
6600,30.514554006677066,-1,1,0.989511
6600,31.005715191810555,-1,1,0.988452
6600,31.899409936283668,-1,1,0.992177
6600,32.24067577072118,-1,0,0.969437
6600,32.25821343010802,-1,0,0.978841
6600,32.299299469026515,-1,1,0.982795
6600,32.59004643637204,-1,1,0.986035
6600,32.60495610509666,-1,1,0.98716
6600,32.95404040212196,-1,0,0.979912
6600,33.13754796731508,-1,0,0.985668
6600,33.65786827522405,-1,1,0.988014
6600,33.863355121724524,-1,0,0.984543
6600,34.006574763268475,-1,1,0.990007
6600,34.97335088617647,0,0,0.98294
6600,35.15009828244099,-1,0,0.985765
6660,33.87767331210455,0,0,0.976581
6660,34.68284317201427,-1,0,0.984597
6660,34.951898384963634,-1,0,0.989314
6660,35.220557963589705,-1,0,0.988226
6660,35.41187373598663,-1,0,0.990191
6660,35.53979364100232,-1,0,0.989784
6660,35.8196645642731,0,0,0.984542
6660,36.730930421527304,0,0,0.985781
6660,36.9760645434886,0,0,0.98677
6660,37.00626182214484,0,0,0.988537
6660,37.29936890146645,0,0,0.988511
6660,37.784478106119884,0,0,0.98999
6720,31.133883994992345,-1,1,0.985617
6720,31.362800003038412,-1,1,0.976775
6720,31.4012096777906,-1,1,0.971828
6720,31.488100917250552,-1,1,0.986758
6720,31.549168287099242,-1,1,0.97564
6720,31.662426795867077,-1,1,0.988909
6720,31.805513670830937,-1,1,0.972863
6720,31.958541893940104,-1,1,0.994226
6720,32.209490531201034,-1,1,0.983679
6720,32.38741456229419,-1,1,0.975238
6720,32.42652479511149,-1,1,0.996594
6720,32.52734952245205,-1,1,0.978675
6720,32.724163766444434,-1,0,0.978992
6720,32.7251424755026,-1,0,0.971489
6720,33.03370141956086,-1,1,0.99022
6720,33.96653309300804,-1,1,0.986163
6720,33.98682869497235,-1,0,0.97886
6720,34.24122204130728,-1,0,0.976534
6720,34.331899067726894,-1,0,0.98275
6720,35.121437938053475,-1,0,0.99022
6720,35.227211243777504,-1,0,0.985027
6720,35.30928355574399,-1,0,0.984771
6720,35.332800962578034,-1,0,0.987408
6720,35.33408664848758,-1,0,0.986269
6720,35.399030422053784,-1,0,0.986764
6720,35.45900709597293,0,0,0.984173
6720,35.53654331725943,0,0,0.984663
6720,35.556452951063406,-1,0,0.987971
6720,35.56409309267627,0,0,0.984285
6720,37.57383641308172,0,0,0.989969
6780,33.04927390200397,-1,0,0.975784
6780,33.111250924437144,-1,1,0.981588
6780,33.478636861147045,-1,0,0.978273
6780,33.60800062000001,-1,1,0.981015
6780,34.184669442229186,-1,0,0.982855
6780,35.92100797986261,0,0,0.985395
6780,36.1681526191418,0,0,0.984697
6780,36.53077788174449,0,0,0.988176
6780,37.274800969434075,0,0,0.98759
6780,38.21092629996251,0,0,0.992177
6780,39.70505311853871,0,0,0.994592
6780,40.35094415117896,0,0,0.994534
6840,32.15075489566891,-1,1,0.987924
6840,32.44848070978902,-1,1,0.981791
6840,32.517758717429636,-1,1,0.985929
6840,33.616119936895,-1,0,0.980534
6840,34.17421456424604,-1,0,0.983802
6840,35.44816640767881,0,0,0.986104
6900,19.99506632839075,18,9,0.949076
6900,19.997873365539363,18,9,0.96153
6900,20.00506837560402,18,9,0.958425
6900,20.01581927373001,18,9,0.951279
6900,20.018374538835786,18,9,0.952747
6900,20.02765742533373,18,9,0.941038
6900,20.03193578467295,18,10,0.944173
6900,20.041477748027596,18,10,0.96464
6900,20.052180342569734,18,10,0.946802
6900,20.052917034133305,18,9,0.947429
6900,20.053409949831366,18,10,0.959663
6900,20.05567021287717,18,10,0.94739
6900,20.0830115794551,17,10,0.965838
6900,20.094802779218753,17,10,0.957608
6900,20.102244622388227,17,10,0.968998
6900,32.84419858529993,-1,1,0.991435
6900,34.608492688309894,-1,0,0.984651
6900,36.508059666170666,-1,0,0.986489
6960,20.044925100609557,18,10,0.939469
6960,20.0571074599126,18,10,0.940798
6960,20.071206662322695,17,10,0.94307
6960,20.075241971184123,17,10,0.918106
6960,20.08005408427138,18,10,0.943688
6960,20.100938677341485,18,9,0.962254
6960,20.10569634336497,18,10,0.959738
6960,20.108313530448164,17,10,0.916211
6960,20.109578100645628,17,10,0.950682
6960,20.110846464937225,18,9,0.961701
6960,20.113664077976672,17,10,0.939813
6960,20.125328202250223,18,10,0.954227
6960,20.13080226576417,17,10,0.927947
6960,20.135239127308857,17,10,0.9265
6960,20.19514846072898,17,10,0.928274
6960,29.70310890331516,-1,0,0.921293
6960,31.900244564253157,-1,0,0.96175
6960,34.48023959897137,0,0,0.97254
7020,20.062852597694835,17,10,0.964786
7020,20.063906996732772,17,10,0.927604
7020,20.068580381682537,18,10,0.928495
7020,20.095955108940643,17,10,0.967043
7020,20.09838160916257,17,10,0.940972
7020,20.099309951394062,17,10,0.967044
7020,20.102290465649673,17,10,0.917952
7020,20.104943988088632,18,9,0.946505
7020,20.108821976638673,17,10,0.945984
7020,20.15332921186108,17,10,0.933855
7020,29.524974338606043,-1,0,0.945644
7020,30.00718211881461,-1,0,0.926493
7140,20.072202780127782,17,10,0.930669
7140,20.07516199614041,17,10,0.960651
7140,20.095222999872448,17,10,0.952942
7140,20.09636919565275,17,10,0.934028
7140,20.11101213277694,17,10,0.942549
7140,33.546838640960516,-1,0,0.98527
7260,20.015462144461125,18,10,0.949196
7260,20.01868365404816,18,10,0.945184
7260,20.05547642672333,17,10,0.939486
7260,20.061442012230696,18,10,0.938666
7260,20.0659924758261,17,10,0.945515
7260,20.065996488006952,18,9,0.952554
7260,20.068689426702914,17,10,0.946334
7260,20.078477048634554,17,10,0.959693
7260,20.079671013561864,18,9,0.934012
7260,20.08151309244864,18,10,0.949485
7260,20.08899140209992,17,10,0.915015
7260,20.093687991350077,17,9,0.965112
7260,20.101482438669475,17,10,0.93869
7260,20.105161619560366,17,10,0.926416
7260,20.115269319689784,18,10,0.92391
7260,29.385521228163398,-1,1,0.951189
7260,30.409824767851905,0,0,0.932916
7260,31.327018394691997,0,0,0.957948
7320,20.05766564200542,18,10,0.933242
7320,20.06738224007762,18,10,0.937433
7320,20.070437927681365,18,10,0.93056
7320,20.07464452284067,18,9,0.955338
7320,20.090766951847808,18,10,0.954742
7320,20.10427221753563,17,10,0.964515
7320,20.10545387899077,18,9,0.964228
7320,20.10938005340469,18,10,0.962439
7320,20.11418585037752,18,10,0.923014
7320,20.123436928187196,17,10,0.962775
7320,20.123493417502566,18,9,0.907
7320,20.127394087744868,18,10,0.925849
7320,20.128053064581508,17,10,0.959067
7320,20.1311185557976,18,10,0.934533
7320,20.13134909090763,18,10,0.931646
7320,20.158249604231088,17,10,0.951847
7320,20.15996524930494,17,10,0.912722
7320,20.161195246884102,17,10,0.952228
7320,20.167357724982104,17,10,0.944399
7320,20.184814252640024,17,10,0.951253
7320,31.033783349544855,0,0,0.936411
7320,31.271969586637663,-1,1,0.970587
7320,32.61646298501074,0,0,0.957341
7320,32.87995556286913,0,0,0.958916
7380,20.001409835268763,18,10,0.958668
7380,20.006187606001426,18,10,0.95715
7380,20.019052186811592,18,10,0.957823
7380,20.02219364969863,18,10,0.951753
7380,20.02321995267298,18,9,0.955639
7380,20.064786771506643,18,10,0.962452
7380,20.07737661308485,18,10,0.961594
7380,20.090390095393364,18,10,0.948245
7380,20.099362725262843,17,10,0.945562
7380,20.10577826565146,18,10,0.940594
7380,35.183046907442076,-1,1,0.987978
7380,36.21400300636933,0,0,0.988406
7440,20.00804476062648,18,10,0.941728
7440,20.01860569194584,18,10,0.94628
7440,20.058970203050052,17,10,0.954901
7440,20.06030121512555,17,10,0.958938
7440,20.065884713425657,18,10,0.949946
7440,20.073803862819982,18,9,0.955622
7440,20.084614240673865,18,9,0.958675
7440,20.08781624118977,18,10,0.956311
7440,20.099486213211915,18,10,0.958304
7440,20.120319430841356,18,9,0.953085
7440,34.03179029225274,-1,1,0.990006
7440,36.47805793997573,0,0,0.987343
7560,20.077975910727503,18,9,0.950357
7560,20.08807616782896,18,9,0.965149
7560,20.09095127888508,18,9,0.959148
7560,20.107729273891817,18,9,0.960885
7560,20.113404829200366,18,10,0.956494
7560,35.27055068635098,-1,0,0.98029
7620,19.145859492413035,32,18,0.750847
7620,19.148643033337326,32,19,0.740128
7620,19.158119797679966,32,18,0.754607
7620,19.175234653957943,32,19,0.748847
7620,19.184473507347292,32,18,0.740292
7620,19.990057027766866,18,9,0.954128
7620,19.995297133766407,18,9,0.961088
7620,19.99826247397642,18,9,0.96723
7620,20.006753746906032,17,10,0.959109
7620,20.010059327360633,18,10,0.959134
7620,20.049456058270252,18,10,0.957988
7620,20.05955837507797,18,10,0.951704
7620,20.061677995362377,17,10,0.961542
7620,20.064280178087003,17,10,0.964848
7620,20.064952626573543,17,10,0.964784
7620,20.074958136519747,17,9,0.957298
7620,33.72121780969245,-1,0,0.983879
7620,36.07437084518105,-1,0,0.989778
7680,20.04603916820951,17,10,0.962861
7680,20.04951854595206,17,10,0.959327
7680,20.06082680306473,18,10,0.95464
7680,20.07111055244273,17,10,0.96296
7680,20.09355494348791,17,10,0.963961
7680,31.927840136397823,-1,1,0.981795
7740,34.34334013305784,-1,0,0.982287
7740,34.602373330028506,-1,0,0.986314
7740,34.718176342273836,-1,0,0.982678
7740,34.86959566507282,-1,0,0.98574
7740,36.13572469190831,0,0,0.986969
7740,36.484813630940714,-1,0,0.995458
7800,31.200924802651727,-1,1,0.977977
7800,31.447369087910957,-1,1,0.979293
7800,31.70932051693926,-1,0,0.973921
7800,32.403691327393126,-1,1,0.985577
7800,32.446057723690416,-1,1,0.992611
7800,32.689924118100265,-1,1,0.987497
7860,31.689762995722127,-1,1,0.97656
7860,32.75341287204098,-1,1,0.971875
7860,33.353776615800484,-1,0,0.982529
7860,33.634338304692925,-1,0,0.990252
7860,33.72814476601348,-1,1,0.993106
7860,34.06215078026874,-1,0,0.980702
7860,34.720458962325964,-1,0,0.983133
7860,34.95150153390133,-1,0,0.987056
7860,35.09481345610173,0,0,0.979402
7860,35.50662645458891,0,0,0.983917
7860,35.57016994173535,0,0,0.98269
7860,35.68189866425544,-1,0,0.984988
7920,28.15413648826783,-1,0,0.898634
7920,28.421472651721167,0,0,0.926448
7920,28.953933752366833,0,0,0.918539
7920,29.459521323153865,0,-1,0.922266
7920,29.569223226055165,0,-1,0.921356
7920,29.80663026892003,0,0,0.930571
7920,30.07805515843881,-1,0,0.944858
7920,30.33653030312236,0,0,0.942746
7920,30.79381708940239,-1,1,0.974079
7920,31.500959212149652,-1,1,0.975284
7920,31.891434006179352,0,0,0.955107
7920,34.13303196763301,0,0,0.980034
7980,28.609396061718456,-1,0,0.90197
7980,30.363582978389964,0,0,0.943096
7980,30.76241190225901,0,0,0.937765
7980,31.43815716576741,-1,0,0.954982
7980,31.901114920400644,-1,0,0.960252
7980,37.64821656083405,0,0,0.987404
8040,27.7121489761524,-1,1,0.90234
8040,27.930038319698177,0,0,0.91978
8040,29.944757660305285,0,0,0.923708
8040,29.945346943409312,0,0,0.937984
8040,30.087439101184927,0,0,0.921786
8040,30.3781196797542,0,0,0.93339
8040,30.4492724278414,0,0,0.935455
8040,30.84602497940255,0,0,0.936109
8040,31.378168845829336,0,0,0.941832
8040,31.706237961689475,0,0,0.947764
8040,32.0676665798071,0,0,0.959551
8040,34.04621041769698,0,0,0.977475
8100,29.621798662943664,0,0,0.916422
8100,29.714729028379505,0,-1,0.914412
8100,29.77087750686116,0,0,0.917732
8100,29.86620022906584,0,0,0.914181
8100,30.603455114266755,0,0,0.928297
8100,30.689651912181798,0,0,0.930167
8100,30.839018140079787,0,0,0.961596
8100,30.84138396684995,0,0,0.943441
8100,31.030325970943295,-1,0,0.955414
8100,31.035595902176624,0,0,0.948495
8100,31.92427521855614,-1,0,0.962049
8100,32.64697904607098,0,0,0.975792
8100,33.24440585529496,0,0,0.977522
8100,33.2697445478145,0,0,0.975554
8100,33.65816580062351,-1,0,0.972754
8100,33.99802919929052,0,0,0.982766
8100,34.85603799701243,0,0,0.98223
8100,35.594895249164566,-1,0,0.981933
8160,27.9165580513162,-1,1,0.898254
8160,27.92927737147543,-1,1,0.899846
8160,29.13348362707717,-1,1,0.934989
8160,29.90113226795188,-1,1,0.950858
8160,30.9955308560248,-1,0,0.966868
8160,32.37517579074865,0,0,0.95432
8280,32.966155022014114,-1,0,0.962348
8280,33.259419559190576,0,0,0.976168
8280,35.02743886414079,0,0,0.980788
8280,36.07055363205468,0,0,0.988448
8280,37.156534832031085,0,0,0.987657
8280,38.5665648520254,0,0,0.990722
8340,31.689360169369365,0,0,0.956927
8340,31.851017561251858,0,0,0.951465
8340,31.981125469749287,0,0,0.957889
8340,32.11222001360971,0,0,0.953458
8340,32.3598608022779,0,0,0.962172
8340,32.61439968741634,0,0,0.960077
8340,32.782939001531176,0,0,0.958384
8340,33.02978500080769,0,0,0.973314
8340,33.14763028460727,0,0,0.963733
8340,33.424340907335626,0,0,0.965486
8340,33.70274764552926,0,0,0.977817
8340,33.75514689931555,0,0,0.971802
8340,33.846685493990755,0,0,0.976176
8340,34.005460022491484,0,0,0.972903
8340,34.082073913861734,0,0,0.974834
8340,34.094174891869116,0,0,0.975606
8340,34.37115626194284,0,0,0.976032
8340,35.06119587235544,0,0,0.979912
8400,30.06614090073066,0,0,0.944437
8400,33.225263355691055,0,0,0.965201
8400,33.44974187461893,0,0,0.966527
8400,33.945237341592964,0,0,0.971786
8400,35.005077178363535,0,0,0.979164
8400,35.14827217803008,0,0,0.981237
8520,31.180734060828044,0,0,0.938745
8520,32.12983604106748,0,0,0.960928
8520,32.23502250397607,0,-1,0.962269
8520,33.12698670800487,0,0,0.966287
8520,33.54714156713153,0,0,0.967346
8520,36.89074322462978,0,0,0.987077
8580,30.684532756046163,-1,1,0.959198
8580,30.86235257843372,-1,1,0.964038
8580,30.965556549343138,-1,1,0.992402
8580,30.98735492604641,-1,1,0.980846
8580,31.31888097480274,-1,1,0.976482
8580,31.39282307474395,-1,1,0.978832
8580,31.650310344069695,-1,1,0.98249
8580,31.66210626817889,-1,1,0.990701
8580,31.729869932576893,-1,1,0.991089
8580,32.61197301008246,-1,1,0.988992
8580,33.25762628395888,0,0,0.968172
8580,33.39204919695629,-1,0,0.986886
8580,33.501296445565835,-1,0,0.978466
8580,34.08969502292826,0,0,0.970588
8580,34.59218804700766,-1,0,0.987901
8580,34.950317288318004,-1,0,0.991671
8580,34.97757875162371,-1,0,0.988453
8580,36.100782578785804,0,0,0.985376
8700,30.322246108092262,-1,1,0.976509
8700,30.40320057307715,-1,1,0.98773
8700,31.412669665565,-1,1,0.988615
8700,31.579271535695895,-1,1,0.990332
8700,31.838347575820922,-1,0,0.972031
8700,32.544071331861,-1,1,0.989167
8700,34.4756671529752,0,0,0.978703
8700,34.94234226982993,-1,0,0.991385
8700,34.95584145106554,-1,0,0.988061
8700,35.008267309267666,-1,0,0.985237
8700,35.175553638564324,-1,0,0.988997
8700,35.51218667961159,-1,0,0.990998
8760,30.965075706136453,-1,1,0.969847
8760,31.180512006832892,-1,1,0.973992
8760,31.45495991517896,-1,1,0.973292
8760,31.97303719863315,-1,0,0.961657
8760,32.00943462253814,-1,0,0.962689
8760,32.99488271155504,-1,1,0.989038
8760,33.281093671851934,-1,0,0.975232
8760,33.31012212535303,0,0,0.969808
8760,33.516330788046936,-1,0,0.977033
8760,33.710609997718585,-1,0,0.98195
8760,33.73761748935511,-1,0,0.976348
8760,33.97430416652445,0,0,0.976142
8820,31.986102265311022,-1,1,0.982415
8820,32.85699654775709,-1,1,0.990205
8820,32.91424326974874,-1,1,0.990672
8820,33.418407389262285,-1,0,0.975169
8820,33.6048411927153,0,0,0.97248
8820,33.69662919852423,0,0,0.974348
8880,32.383333145685086,-1,1,0.98337
8880,32.48385428431433,-1,1,0.983984
8880,32.85446218021236,0,0,0.976146
8880,33.05875463173278,-1,0,0.963604
8880,33.392266155467695,-1,0,0.975351
8880,33.52197201470307,-1,0,0.981133
8880,33.53357408531552,-1,0,0.979321
8880,33.905575127421564,-1,0,0.968813
8880,34.24392226404005,0,0,0.974257
8880,35.05492740333344,-1,0,0.979376
8880,35.164766360330034,-1,0,0.982469
8880,35.30461976625232,-1,0,0.985145
8940,29.64058605271414,-1,1,0.979709
8940,30.31935446262482,-1,1,0.975105
8940,30.332729958151884,-1,1,0.977812
8940,30.89399544167815,-1,1,0.989495
8940,30.94551598638642,-1,1,0.991311
8940,31.190442849751268,-1,1,0.988601
9000,28.990567384248767,-2,1,0.977466
9000,29.290417429989112,-1,1,0.978231
9000,29.345281318302266,-1,1,0.968628
9000,29.377111471305284,-1,1,0.971029
9000,29.58263336741475,-1,1,0.977834
9000,29.727892050817715,-1,1,0.98621
9000,29.831870047250945,-1,1,0.984911
9000,29.83359503764354,-1,1,0.992214
9000,30.008241488362145,-1,1,0.987527
9000,30.068582318289167,-1,1,0.974641
9000,30.174800178669734,-1,1,0.977989
9000,30.205749904058248,-1,1,0.982491
9000,30.47637532143225,-1,1,0.983628
9000,30.541560476236114,-1,1,0.972746
9000,30.796978142350522,-1,1,0.990498
9000,30.826956977364866,-1,1,0.993367
9000,30.96064514029214,-1,1,0.985241
9000,30.99361267799199,-1,1,0.990563
9000,31.02944706530345,-1,1,0.993138
9000,31.049747431912564,-1,1,0.98677
9000,31.143263088583062,-1,1,0.986459
9000,31.14365144969543,-1,1,0.992177
9000,31.354621175500363,-1,1,0.990003
9000,31.44730869902868,-1,1,0.990915
9000,31.69987648141303,-1,0,0.969983
9000,31.945844436182433,-1,0,0.974312
9000,32.049179961169536,-1,1,0.985782
9000,32.1200006132855,-1,1,0.982414
9000,32.14179243432333,-1,1,0.981132
9000,32.147957087578256,-1,0,0.974331
9000,32.203956733272,-1,1,0.983875
9000,32.30753389031878,-1,0,0.974185
9000,32.51439749939408,-1,1,0.986277
9000,32.60347471728343,-1,1,0.986553
9000,32.692134828073065,-1,1,0.977457
9000,32.77820718802515,-1,1,0.984617
9000,32.81933412102323,-1,1,0.989277
9000,32.85876371871343,-1,1,0.972048
9000,33.00769152247936,-1,0,0.978972
9000,33.029970618159936,-1,1,0.98287
9000,33.03872712413152,-1,1,0.986175
9000,33.10832242147158,-1,0,0.974815
9000,33.136943651620484,-1,0,0.983126
9000,33.224795528306714,-1,0,0.977201
9000,33.30046297720061,-1,0,0.98296
9000,33.332079873581606,-1,0,0.991021
9000,33.57172368982137,-1,0,0.98516
9000,33.808898453850425,-1,0,0.982028
9000,33.912278619607406,-1,0,0.986628
9000,33.93457719837751,-1,0,0.990021
9000,33.951673315835556,-1,0,0.983553
9000,33.95796341970775,-1,1,0.989566
9000,33.96931902722177,-1,0,0.989599
9000,34.00304462437941,0,1,0.97437
9000,34.06172994951657,-1,0,0.990404
9000,34.07340779063492,-1,0,0.990266
9000,34.170745490333886,-1,1,0.978835
9000,34.49196092269214,-1,0,0.993317
9000,34.94660132413844,-1,0,0.991608
9000,35.16249919732664,-1,0,0.992674
9060,30.47383251378456,-1,1,0.987589
9060,30.859225169063905,-1,1,0.99146
9060,31.224902340122345,-1,1,0.98908
9060,31.22520619187009,-1,1,0.975393
9060,31.288081554567277,-1,1,0.990291
9060,31.5817242591596,-1,1,0.989553
9060,32.20529380135631,-1,1,0.973457
9060,32.86929296989044,-1,0,0.9758
9060,33.28658912362063,-1,0,0.980417
9060,33.28951870253022,-1,0,0.984237
9060,33.988086796495146,-1,0,0.983475
9060,34.100039365532886,-1,0,0.985997
9120,31.001476569747652,0,0,0.960786
9120,31.006351070157674,0,0,0.95711
9120,33.0425523697387,0,0,0.966779
9120,33.4861481530074,0,0,0.971927
9120,34.96965580568265,0,0,0.984372
9120,35.61908415783613,0,0,0.985812
9240,30.91706852476306,0,0,0.950313
9240,32.399795517376454,0,0,0.969934
9240,34.029713866947034,0,0,0.973984
9240,37.18923653399851,0,0,0.989803
9240,37.25516691885837,0,0,0.990062
9240,37.872920719602845,0,0,0.99225
9480,29.589082598385662,-1,1,0.962518
9480,31.311535211306417,-1,1,0.971476
9480,31.467315915653224,-1,1,0.992983
9480,32.4715222579496,-1,1,0.98574
9480,32.67004140910052,-1,0,0.97945
9480,32.889708064362054,-1,0,0.985848
9540,31.34105961742456,-1,1,0.99082
9540,32.42995111145617,-1,1,0.978118
9540,32.46268939311625,-1,1,0.97944
9540,33.19769917234967,-1,0,0.980904
9540,33.240106460355854,-1,1,0.991118
9540,33.25576719841405,-1,1,0.982534
9540,33.97600248988008,0,0,0.979321
9540,34.30986550163513,0,0,0.981862
9540,34.948531959012506,-1,0,0.987505
9540,34.99527731403069,-1,0,0.980164
9540,36.44740905017646,0,0,0.989347
9540,37.46014621861362,0,0,0.989093
9600,31.563155501290396,-1,0,0.971606
9600,32.65786788203992,-1,0,0.970931
9600,32.66991403952999,-1,0,0.97927
9600,32.928333908902474,-1,0,0.974086
9600,36.329378724887604,-1,0,0.988025
9600,37.17560721022517,-1,0,0.994045
9720,30.993417828432097,-1,1,0.98056
9720,31.692052341940187,-1,0,0.961858
9720,32.26297025674504,-1,1,0.985688
9720,32.420295332152065,-1,1,0.985298
9720,32.432124686921384,-1,0,0.971447
9720,32.49658634097857,-1,0,0.973762
9720,32.53677489440791,-1,0,0.968179
9720,32.69038323263487,-1,1,0.988808
9720,32.917782486067594,-1,0,0.973849
9720,34.07164927896589,-1,0,0.980333
9720,37.358201339860855,0,0,0.988937
9720,37.600203336545356,-1,0,0.990467
9780,29.241676895577307,-2,1,0.971956
9780,29.88017131724114,-1,1,0.9757
9780,29.93425617601107,-1,1,0.974096
9780,30.234062871882482,-1,1,0.980576
9780,30.454919005931195,-1,1,0.98564
9780,31.022797278329012,-1,1,0.991361
9780,31.05463493526845,-1,1,0.982624
9780,31.18992858399767,-1,1,0.975091
9780,31.49686816211672,-1,1,0.9886
9780,31.525861792023164,-1,1,0.974767
9780,31.649844429883714,-1,1,0.972198
9780,31.70544041228302,-1,1,0.992884
9780,32.21214695446382,-1,1,0.984108
9780,33.16401587999346,-1,1,0.986945
9780,33.9029264971185,-1,1,0.989304
9780,34.02802220347069,-1,1,0.98861
9780,34.08591987210999,-1,0,0.986021
9780,34.159921508289685,-1,0,0.991383
9840,31.70982524095531,-1,0,0.987631
9840,32.25605193660329,-1,0,0.980178
9840,32.64913445110573,-1,0,0.983995
9840,32.81302463693545,-1,0,0.984755
9840,34.062169926024225,-1,0,0.986455
9840,35.11491028535576,-1,0,0.993883
9900,29.109371152156996,-2,1,0.972056
9900,29.755860010272812,-2,1,0.974838
9900,29.80691734052578,-2,1,0.986571
9900,29.993004496159287,-1,1,0.986391
9900,29.9942228519986,-1,1,0.975972
9900,30.023799902769422,-1,1,0.982502
9900,30.145665184397487,-1,1,0.988563
9900,30.41635034875579,-1,1,0.982688
9900,30.502104446988344,-1,1,0.983349
9900,30.526579402766593,-1,1,0.985343
9900,30.91404058462207,-1,1,0.987935
9900,31.044083019461194,-1,1,0.984282
9900,32.855687955891824,-1,0,0.975701
9900,32.89169466492021,-1,1,0.981992
9900,33.10621716982671,-1,0,0.982038
9900,33.65142785928539,-1,0,0.984432
9900,34.1756285911257,-1,0,0.990208
9900,34.54976932076086,-1,0,0.990753
9960,33.080332569269785,-1,0,0.985075
9960,33.46350393904204,-1,0,0.982114
9960,33.466594931292384,-1,0,0.985036
9960,33.57556145743434,-1,0,0.981132
9960,33.58687745371154,-1,0,0.992771
9960,33.69097569599779,-1,0,0.98914
10080,31.63658096204128,-1,0,0.973792
10080,31.71047051507179,-1,0,0.971263
10080,31.909557886276918,-1,0,0.975826
10080,34.45799236265637,0,0,0.976918
10080,35.93410985695141,-1,0,0.987591
10080,36.896494082686104,-1,0,0.992167
10140,31.40777955287122,-1,1,0.964887
10140,31.962060078966235,-1,0,0.964445
10140,34.01428392624085,-1,0,0.983026
10140,36.0987579230674,-1,0,0.984869
10140,36.596076699355336,-1,0,0.990434
10140,36.823836926149774,-1,0,0.987716
10200,30.448715718320216,-1,0,0.961502
10200,31.22096065172899,-1,0,0.970746
10200,31.781264848896924,-1,0,0.965074
10200,31.866400513825376,-1,0,0.97034
10200,32.481342502213344,-1,0,0.971269
10200,32.7309168122242,-1,0,0.970982
10260,30.577514624061646,0,0,0.943712
10260,30.617738095449706,0,0,0.945715
10260,30.960684372037335,0,0,0.949908
10260,31.87844758698705,0,0,0.956961
10260,32.87227944893167,0,0,0.969174
10260,33.47783410059193,0,0,0.973111
10260,36.08575395288731,0,0,0.984381
10260,36.10468491344592,0,0,0.982762
10260,36.38581898792315,0,0,0.990258
10260,36.79350758726231,0,0,0.987257
10260,36.899357719933604,0,0,0.987224
10260,39.02088641668665,0,0,0.991801
10380,29.08245914682459,-1,0,0.934658
10380,29.190431499958535,-1,0,0.936556
10380,29.30262016989193,-1,0,0.932505
10380,29.560975770727367,-1,0,0.934231
10380,29.60785975776131,-1,0,0.940739
10380,29.648582751951796,-1,0,0.942803
10380,30.17391909633787,-1,0,0.953587
10380,30.622300198396026,-1,0,0.941635
10380,31.946564524905725,-1,0,0.964445
10380,32.27859570126566,-1,0,0.967332
10380,32.29472950860848,0,0,0.967987
10380,32.84925870214137,-1,0,0.969528
10380,33.126248380796355,-1,0,0.970537
10380,33.70878614872194,0,0,0.967857
10380,34.08092752024236,0,0,0.972038
10380,34.2703807557371,0,0,0.971734
10380,34.755269710418176,0,0,0.977639
10380,38.7248554480845,0,0,0.991459
10800,30.70087984441727,0,0,0.958033
10800,32.023340526222526,0,0,0.96057
10800,32.028582834741776,0,0,0.961164
10800,32.07929581322531,-1,0,0.955381
10800,32.821002640565084,0,0,0.963191
10800,35.904498252489475,0,0,0.984593
11040,30.44150947226533,0,0,0.931136
11040,31.02788124438039,0,0,0.945981
11040,31.031373729032,0,0,0.933614
11040,31.064366381694217,0,0,0.944327
11040,33.82078995041081,0,0,0.96734
11040,35.103892932123834,0,-1,0.978217
11100,29.380880592638924,-1,0,0.951806
11100,29.396137712098373,-1,1,0.944921
11100,30.2821324843473,-1,0,0.965357
11100,30.5860228504376,-1,0,0.957643
11100,30.921043526707635,-1,0,0.964325
11100,32.509606785938026,-1,0,0.973193
11220,29.133824882793125,-1,1,0.940754
11220,30.347832090329913,-1,1,0.954362
11220,30.507444048208846,-1,0,0.950463
11220,30.962563050002245,-1,1,0.977194
11220,31.104955903840388,-1,0,0.952085
11220,31.722616360858183,-1,0,0.962583
11220,31.866382764576894,-1,0,0.97383
11220,32.01974024475572,-1,0,0.974158
11220,32.041139717012335,-1,0,0.966937
11220,32.066670384850056,-1,1,0.966586
11220,32.41951654850335,-1,0,0.984337
11220,33.794356145680275,-1,0,0.9832
11520,29.91890872810408,-1,1,0.957549
11520,29.9207957084778,-1,1,0.96653
11520,30.1587027088418,-1,0,0.962222
11520,31.869928494058755,-1,0,0.968155
11520,32.07969380666316,-1,0,0.973556
11520,32.97933183252155,-1,0,0.969857
11640,29.47818541266966,-1,1,0.949491
11640,31.169353270452575,-1,0,0.963901
11640,31.497301843003385,-1,1,0.976293
11640,32.62120516856064,-1,0,0.975142
11640,33.45454283361778,-1,0,0.976906
11640,34.116334346278556,-1,0,0.983553
12360,19.06058436159111,32,19,0.751934
12360,19.08210237241076,32,19,0.790717
12360,19.10108667372751,32,19,0.73683
12360,20.020938578692817,17,10,0.958446
12360,20.065392541103417,17,10,0.952297
12360,34.10251970921074,-1,0,0.975153
12420,19.198741157348238,32,18,0.749199
12420,19.212084027596738,32,19,0.777411
12420,19.229268993777143,32,19,0.733414
12420,20.156965792794892,17,10,0.947951
12420,20.185580936630263,17,10,0.950106
12420,33.71128526783676,0,0,0.967053
12660,19.121644230769977,32,18,0.710649
12660,20.05274880709472,18,9,0.951997
12660,20.0574071060498,18,9,0.910914
12660,34.50592427624836,0,0,0.981127
13320,28.80427991687137,-2,1,0.958295
13320,29.883500879799996,-1,1,0.952349
13380,20.095575981371134,17,9,0.961707
13380,28.82354983598222,-2,1,0.960167
13380,30.057704728296102,-1,1,0.960976
13380,32.75095185160305,-1,0,0.971119
15420,19.183261279162384,32,19,0.743246
16980,19.051913060611476,32,18,0.701107
16980,19.09052663937675,32,19,0.728732
16980,19.11878047366397,32,19,0.726735
16980,19.161215054505966,32,18,0.723763
16980,19.16545097967244,32,19,0.710069
16980,19.181846760483698,32,18,0.725834
16980,19.186521787730573,32,18,0.71593
16980,19.19399627526139,32,18,0.713757
16980,19.215238045073054,32,18,0.703771
